[
  {
    "drone_id": "Drone_A",
    "waypoints": [
      {"x": 0, "y": 0, "z": 10, "t": 0},
      {"x": 50, "y": 50, "z": 10, "t": 10},
      {"x": 100, "y": 100, "z": 10, "t": 20}
    ]
  },
  {
    "drone_id": "Drone_B",
    "waypoints": [
      {"x": 100, "y": 0, "z": 20, "t": 5},
      {"x": 100, "y": 50, "z": 20, "t": 15},
      {"x": 100, "y": 100, "z": 20, "t": 25}
    ]
  },
  {
    "drone_id": "Drone_C",
    "waypoints": [
      {"x": 10, "y": 10, "z": 5, "t": 2},
      {"x": 60, "y": 60, "z": 5, "t": 12},
      {"x": 110, "y": 110, "z": 5, "t": 22}
    ]
  }
]
